id,notification_no,work_order,quantity_10,service_no_10,quantity_9,service_no_9,quantity_8,service_no_8,quantity_7,service_no_7,quantity_6,service_no_6,quantity_5,service_no_5,quantity_4,service_no_4,quantity_3,service_no_3,quantity_2,service_no_2,quantity_1,service_no_1
1,302417548,6334061,,,,,,,,,,,,,,,,,,,1,5100010
2,302435521,6338654,,,,,,,,,,,,,,,,,,,1,5100010
3,302445382,6342101,,,,,,,,,,,,,,,,,,,,
4,302451667,6344892,,,,,,,,,,,,,,,,,,,1,5100009
5,302459690,6345641,,,,,,,,,,,,,,,,,,,1,5100009
6,302464791,6347637,,,,,,,,,,,,,,,,,,,1,5100009
7,302465024,6347685,,,,,,,,,,,,,,,,,,,1,5100009
8,302467489,6348325,,,,,,,,,,,,,,,,,,,1,5100009
9,302467540,6348705,,,,,,,,,,,,,18,5100078,23,5100075,19,5100068,4,5100061
10,302467831,6348701,,,,,,,,,,,,,,,,,,,,
11,302467835,6348706,,,,,,,,,,,7,5100079,7,5100078,27,5100075,11,5100068,7,5100061
12,302468646,6348707,,,,,,,,,,,,,,,19,5100078,30,5100075,24,5100068
13,302468993,6348708,,,,,,,,,,,,,,,,,,,,
14,302469305,6348680,,,,,,,,,,,,,,,,,,,1,5100010
15,302469306,6348681,,,,,,,,,,,,,,,,,,,1,5100010
16,302469318,6348710,,,,,,,,,,,,,,,,,,,1,5100009
17,302469346,6348711,,,,,,,,,,,,,,,,,,,,
18,302469347,6348712,,,,,,,,,,,,,,,,,,,1,5100009
19,302469348,6348713,,,,,,,,,,,,,,,,,,,1,5100009
20,302469349,6348714,,,,,,,,,,,,,,,,,,,1,5100009
21,302469357,6348715,,,,,,,,,,,,,,,,,,,,
22,302469358,6348716,,,,,,,,,,,,,,,,,,,,
23,302469360,6348717,,,,,,,,,,,,,,,,,,,1,5100009
24,302469361,6348718,,,,,,,,,,,,,,,,,,,1,5100009
25,302469362,6348719,,,,,,,,,,,,,,,,,,,1,5100009
26,302469363,6348720,,,,,,,,,,,,,,,,,,,1,5100009
27,302469364,6348721,,,,,,,,,,,,,,,,,,,1,5100010
28,302469365,6348722,,,,,,,,,,,,,,,,,,,,
29,302469367,6348723,,,,,,,,,,,,,,,,,,,,
30,302469369,6348724,,,,,,,,,,,,,,,,,,,,
31,302469518,6348725,,,,,,,,,,,,,,,,,,,1,5100009
32,302469536,7466696,,,,,,,,,,,,,,,,,,,,
33,302469540,6348726,,,,,,,,,,,,,,,,,,,,
34,302469542,6348727,,,,,,,,,,,,,,,,,,,,
35,302469543,6348728,,,,,,,,,,,,,,,,,,,,
36,302469548,6348729,,,,,,,,,,,,,,,,,,,,
37,302469550,7466698,,,,,,,,,,,,,,,,,,,,
38,302469556,6348730,,,,,,,,,,,,,,,,,,,1,5100009
39,302469568,6348731,,,,,,,,,,,,,,,,,,,,
40,302454507,6345372,,,,,,,,,,,,,,,4,5100071,36,5100068,20,5100061
41,302463254,6347069,,,,,,,,,,,,,2,5100078,26,5100075,12,5100068,2,5100061
42,302466800,6348394,,,,,,,,,,,,,,,,,,,,
43,302466803,6348395,,,,,,,,,,,,,,,22,5100078,32,5100075,5,5100068
44,302467156,6348396,,,,,,,,,,,,,,,,,,,,
45,302467170,6348315,,,,,,,,,,,,,,,,,2,5100064,45,5100061
46,302467177,6348316,,,,,,,,,,,,,,,,,54,5100075,1,5100061
49,302410706,6331932,,,,,,,,,,,,,,,,,,,1,5100011
50,302420727,6334355,,,,,,,,,,,,,,,,,,,1,5100009
51,302420820,6334406,,,,,,,,,,,,,,,,,,,1,5100010
52,302420827,6334410,,,,,,,,,,,,,,,,,,,1,5100010
53,302430070,6337258,,,,,,,,,,,,,,,,,,,,
54,302430077,6337259,,,,,,,,,,,,,,,,,,,1,5100009
55,302430093,6337260,,,,,,,,,,,,,,,,,,,1,5100009
56,302435191,6338595,,,,,,,,,,,,,,,,,,,1,5100015
57,302435484,6338643,,,,,,,,,,,,,,,,,,,1,5100009
58,302440076,6341414,,,,,,,,,,,,,,,,,,,1,5100011
59,302440264,6341417,,,,,,,,,,,,,,,,,,,1,5100009
60,302440702,6341478,,,,,,,,,,,,,,,,,,,1,5100009
61,302442444,6341680,,,,,,,,,,,,,,,,,,,1,5100009
62,302443382,6341805,,,,,,,,,,,,,,,,,,,1,5100010
63,302443490,6341826,,,,,,,,,,,,,,,,,,,1,5100010
64,302445291,6342045,,,,,,,,,,,,,,,,,,,1,5100009
65,302445325,6342047,,,,,,,,,,,,,,,,,,,1,5100009
66,302450524,6344700,,,,,,,,,,,,,,,,,,,1,5100009
67,302453790,6345158,,,,,,,,,,,,,,,,,,,1,5100009
68,302453895,6345210,,,,,,,,,,,,,,,,,,,1,5100009
69,302454550,6345330,,,,,,,,,,,,,,,,,,,1,5100010
70,302454552,6345331,,,,,,,,,,,,,,,,,,,1,5100010
71,302455374,6345497,,,,,,,,,,,,,,,,,,,1,5100009
72,302463082,6347040,,,,,,,,,,,,,,,,,,,1,5100009
73,302464063,6347188,,,,,,,,,,,,,,,,,,,1,5100009
74,302464076,6347197,,,,,,,,,,,,,,,,,,,,
75,302464335,6347592,,,,,,,,,,,,,,,,,,,1,5100009
76,302464760,6347634,,,,,,,,,,,,,,,,,,,1,5100009
77,302464980,6347641,,,,,,,,,,,,,,,,,,,1,5100009
78,302465014,6347666,,,,,,,,,,,,,,,,,,,,
79,302465044,6347689,,,,,,,,,,,,,,,,,,,,
80,302465229,6347697,,,,,,,,,,,,,,,,,,,,
81,302467058,7465797,,,,,,,,,,,,,,,,,,,,
82,302467784,7466074,,,,,,,,,,,,,,,,,,,1,5100002
83,302467797,7466075,,,,,,,,,,,,,,,,,8,5100043,1,5100002
84,302467802,7466076,,,,,,,,,,,,,,,10,5100042,1,5100006,1,5100002
85,302425890,6336744,,,,,,,,,,,,,,,,,,,1,5100010
86,302436271,6338751,,,,,,,,,,,,,,,,,,,1,5100009
87,302442208,6341688,,,,,,,,,,,,,,,,,,,1,5100010
88,302466081,6348158,,,,,,,,,,,,,,,,,,,1,5100017
89,302466082,6348159,,,,,,,,,,,,,,,,,,,1,5100017
90,302466083,6348160,,,,,,,,,,,,,,,,,,,1,5100017
91,302466697,6348225,,,,,,,,,,,,,,,,,,,1,5100009
92,302466736,6348242,,,,,,,,,,,,,,,,,,,,
93,302467139,6348286,,,,,,,,,,,,,,,,,,,1,5100009
94,302467487,6348324,,,,,,,,,,,,,,,,,,,,
95,302467857,6348392,,,,,,,,,,,,,,,,,,,1,5100009
96,302469053,6348639,,,,,,,,,,,,,,,,,,,1,5100009
97,302469276,6348664,,,,,,,,,,,,,,,,,,,1,5100009
98,302450471,6344709,,,,,,,,,,,,,,,,,,,1,5100011
99,302460334,6345715,,,,,,,,,,,,,,,,,,,1,5100009
100,302433058,6338292,,,,,,,,,,,,,,,,,,,1,5100009
101,302435071,6338559,,,,,,,,,,,,,,,,,,,1,5100009
102,302441651,6341598,,,,,,,,,,,,,,,,,,,1,5100017
103,302444367,6341924,,,,,,,,,,,,,,,,,,,,
104,302445757,6342153,,,,,,,,,,,,,,,,,,,,
105,302453512,6345145,,,,,,,,,,,,,,,,,,,1,5100010
106,302453872,6345203,,,,,,,,,,,,,,,,,,,1,5100009
107,302454529,6345320,,,,,,,,,,,,,,,,,,,1,5100009
108,302459270,6345544,,,,,,,,,,,,,,,,,,,1,5100009
109,302464753,6347633,,,,,,,,,,,,,,,,,,,1,5100009
110,302466066,6348162,,,,,,,,,,,,,,,,,,,,
111,302466106,6348196,,,,,,,,,,,,,,,,,,,1,5100011
112,302466698,6348227,,,,,,,,,,,,,,,,,,,,
113,302466738,6348243,,,,,,,,,,,,,,,,,,,,
114,302467074,6348266,,,,,,,,,,,,,,,,,,,1,5100009
115,302467179,6348294,,,,,,,,,,,,,,,,,,,,
116,302467366,6348296,,,,,,,,,,,,,,,,,,,,
117,302467399,6348302,,,,,,,,,,,,,,,,,,,,
118,302467486,6348323,,,,,,,,,,,,,,,,,,,,
119,302467507,6348328,,,,,,,,,,,,,,,,,,,,
120,302467583,6348354,,,,,,,,,,,,,,,,,,,,
121,302467591,6348355,,,,,,,,,,,,,,,,,,,,
122,302467594,6348356,,,,,,,,,,,,,,,,,,,1,5100009
123,302467599,6348363,,,,,,,,,,,,,,,,,,,,
124,302467762,6348372,,,,,,,,,,,,,,,,,,,,
125,302467790,6348382,,,,,,,,,,,,,,,,,,,,
126,302467863,6348398,,,,,,,,,,,,,,,,,,,1,5100009
127,302467864,6348399,,,,,,,,,,,,,,,,,,,,
128,302467868,6348393,,,,,,,,,,,,,,,,,,,,
129,302468224,6348494,,,,,,,,,,,,,,,,,,,,
130,302468225,6348495,,,,,,,,,,,,,,,,,,,,
131,302468227,6348497,,,,,,,,,,,,,,,,,,,,
132,302468471,7466365,,,,,,,,,,,,,,,,,1,5200023,1,5100002
133,302461239,6345908,,,,,,,,,,,,,,,,,2,5100071,33,5100068
134,302468585,6348549,,,,,,,,,,,,,,,,,,,,
135,302468656,6348612,,,,,,,,,,,,,,,,,,,,
136,302468657,6348591,,,,,,,,,,,,,,,,,,,,
137,302468670,6348593,,,,,,,,,,,,,,,,,,,,
138,302468672,6348594,,,,,,,,,,,,,,,,,,,1,5100009
139,302468676,6348595,,,,,,,,,,,,,,,,,,,,
140,302468687,6348596,,,,,,,,,,,,,,,,,,,1,5100009
141,302468689,6348601,,,,,,,,,,,,,,,,,,,,
142,302468897,6348597,,,,,,,,,,,,,,,,,,,,
143,302469025,6348634,,,,,,,,,,,,,,,,,,,1,5100009
144,302425901,6345876,,,,,,,,,,,,,,,,,,,1,5100010
145,302468245,6348525,,,,,,,,,,,,,,,,,,,,
146,302468306,6348521,,,,,,,,,,,,,,,,,,,,
147,302468318,6348523,,,,,,,,,,,,,,,,,,,,
148,302468325,6348527,,,,,,,,,,,,,,,,,,,1,5100010
149,302468326,6348528,,,,,,,,,,,,,,,,,,,1,5100010
150,302468327,6348529,,,,,,,,,,,,,,,,,,,1,5100010
151,302468511,6348524,,,,,,,,,,,,,,,,,,,,
152,302468522,6348530,,,,,,,,,,,,,,,,,1,3000111,1,5100011
153,302468589,6348557,,,,,,,,,,,,,,,,,,,1,5100010
154,302468590,6348558,,,,,,,,,,,,,,,,,,,1,5100010
155,302468593,6348551,,,,,,,,,,,,,,,,,,,1,5100009
156,302468604,6348552,,,,,,,,,,,,,,,,,,,1,5100009
157,302468606,6348555,,,,,,,,,,,,,,,,,,,1,5100017
158,302468608,6348556,,,,,,,,,,,,,,,,,,,1,5100017
159,302468618,6348564,,,,,,,,,,,,,,,,,,,1,5100010
160,302468625,6348609,,,,,,,,,,,,,,,,,,,1,5100010
161,302468626,6348610,,,,,,,,,,,,,,,,,,,1,5100017
162,302468647,6348598,,,,,,,,,,,,,,,,,,,1,5100009
163,302468653,6348590,,,,,,,,,,,,,,,,,,,1,5100009
164,302468655,6348599,,,,,,,,,,,,,,,,,,,,
165,302468662,6348600,,,,,,,,,,,,,,,,,,,1,5100009
166,302468668,6348592,,,,,,,,,,,,,,,,,,,,
167,302468921,6348603,,,,,,,,,,,,,,,,,,,1,5100009
168,302468957,6348616,,,,,,,,,,,,,,,,,,,1,5100010
169,302468964,6348620,,,,,,,,,,,,,,,,,,,1,5100010
170,302469001,6348628,,,,,,,,,,,,,,,,,,,1,5100009
171,302469002,6348629,,,,,,,,,,,,,,,,,,,,
172,302469004,6348631,,,,,,,,,,,,,,,,,,,1,5100009
173,302469041,6348637,,,,,,,,,,,,,,,,,,,,
174,302469042,6348652,,,,,,,,,,,,,,,,,,,,
175,302469171,6348654,,,,,,,,,,,,,,,,,,,1,5100010
176,302469259,6348659,,,,,,,,,,,,,,,,,,,1,5100017
177,302469279,6348666,,,,,,,,,,,,,,,,,,,,
178,302469285,6348669,,,,,,,,,,,,,,,,,,,,
179,302469286,6348670,,,,,,,,,,,,,,,,,,,,
180,302469903,6348763,,,,,,,,,,,,,,,,,,,,
181,302469904,6348764,,,,,,,,,,,,,,,,,,,1,5100009
182,302469918,6348765,,,,,,,,,,,,,,,,,,,1,5100009
183,302469919,6348766,,,,,,,,,,,,,,,,,,,1,5100010
184,302469950,6348767,,,,,,,,,,,,,,,,,,,1,5100009
185,302469960,6348768,,,,,,,,,,,,,,,,,,,,
186,302469966,6348769,,,,,,,,,,,,,,,,,,,,
187,302469969,6348770,,,,,,,,,,,,,,,,,,,1,5100009
188,302469971,6348771,,,,,,,,,,,,,,,,,,,,
189,302469973,6348772,,,,,,,,,,,,,,,,,,,,
190,302469974,6348773,,,,,,,,,,,,,,,,,,,,
191,302469975,6348774,,,,,,,,,,,,,,,,,,,1,5100009
192,302469976,6348775,,,,,,,,,,,,,,,,,,,,
193,302469922,6348785,,,,,,,,,,,,,,,,,,,,
194,302468276,6348821,,,,,,,,,,,,,2,5100078,23,5100075,24,5100068,10,5100061
195,302469588,6348823,,,,,,,,,,,,,,,2,5100078,35,5100075,5,5100068
196,302469592,6348824,,,,,,,,,,,,,,,,,,,,
197,302469830,6348825,,,,,,,,,,,,,,,2,5100078,50,5100075,2,5100068
198,302469868,6348826,,,,,,,,,,,,,,,,,2,5100071,34,5100068
199,302469879,6348827,,,,,,,,,,,,,,,2,5100078,31,5100075,38,5100068
200,302469594,6348828,,,,,,,,,,,,,,,,,,,1,5100009
201,302470121,6348832,,,,,,,,,,,,,,,,,,,,
202,302470127,6348833,,,,,,,,,,,,,,,,,,,1,5100009
203,302470129,6348834,,,,,,,,,,,,,,,,,,,1,5100009
204,302470172,7466869,,,,,,,,,,,,,,,,,,,,
205,302470177,7466870,,,,,,,,,,,,,,,,,,,,
206,302470190,7466871,,,,,,,,,,,,,,,,,,,,
207,302470191,6348835,,,,,,,,,,,,,,,,,,,,
208,302470192,6348836,,,,,,,,,,,,,,,,,,,,
209,302470200,6348837,,,,,,,,,,,,,,,,,,,,
210,302470202,6348838,,,,,,,,,,,,,,,,,,,1,5100010
211,302470208,6348839,,,,,,,,,,,,,,,,,,,,
212,302470210,6348840,,,,,,,,,,,,,,,,,,,,
213,302470211,6348841,,,,,,,,,,,,,,,,,,,,
214,302470212,6348842,,,,,,,,,,,,,,,,,,,,
215,302470214,6348843,,,,,,,,,,,,,,,,,,,,
216,302470217,6348844,,,,,,,,,,,,,,,,,,,,
217,302470218,6348845,,,,,,,,,,,,,,,,,,,,
218,302470219,6348846,,,,,,,,,,,,,,,,,,,,
219,302470220,6348847,,,,,,,,,,,,,,,,,,,1,5100009
220,302470221,6348848,,,,,,,,,,,,,,,,,,,,
221,302470222,6348849,,,,,,,,,,,,,,,,,,,1,5100009
222,302470226,6348850,,,,,,,,,,,,,,,,,,,1,5100009
223,302470229,6348851,,,,,,,,,,,,,,,,,,,,
224,302470230,6348852,,,,,,,,,,,,,,,,,,,,
225,302470231,6348853,,,,,,,,,,,,,,,,,,,,
226,302470232,6348854,,,,,,,,,,,,,,,,,,,,
227,302470234,6348855,,,,,,,,,,,,,,,,,,,1,5100009
228,302470239,6348856,,,,,,,,,,,,,,,,,,,,
229,302470243,6348857,,,,,,,,,,,,,,,,,,,,
230,302465202,7465148,,,,,,,,,,,,,,,,,,,1,5100019
231,302459668,6345624,,,,,,,,,,,,,,,,,,,1,5100009
232,302465296,6347704,,,,,,,,,,,,,,,,,,,1,5100009
233,302423079,6334648,,,,,,,,,,,,,,,,,,,,
234,302463257,6347055,,,,,,,,,,,,,,,,,,,1,5100009
235,302465740,6348138,,,,,,,,,,,,,,,,,,,1,5100009
236,302467185,6348295,,,,,,,,,,,,,,,,,,,1,5100008
237,302467587,6348361,,,,,,,,,,,,,,,,,2,5100046,1,5100017
238,302470248,6350221,,,,,,,,,,,,,,,,,,,,
239,302470261,6350222,,,,,,,,,,,,,,,,,,,,
240,302470263,6350223,,,,,,,,,,,,,,,,,,,1,5100009
241,302470266,6350224,,,,,,,,,,,,,,,,,,,1,5100009
242,302470269,6350225,,,,,,,,,,,,,,,,,,,,
243,302470270,6350226,,,,,,,,,,,,,,,,,,,,
244,302470272,6350227,,,,,,,,,,,,,,,,,,,,
245,302470281,6350228,,,,,,,,,,,,,,,,,,,,
246,302470286,6350229,,,,,,,,,,,,,,,,,,,,
247,302470294,6350230,,,,,,,,,,,,,,,,,,,,
248,302470295,6350231,,,,,,,,,,,,,,,,,,,,
249,302470297,6350232,,,,,,,,,,,,,,,,,,,,
250,302470436,6350233,,,,,,,,,,,,,,,,,,,1,5100017
251,302471803,6350234,,,,,,,,,,,,,,,,,,,1,5100017
252,302471806,6350235,,,,,,,,,,,,,,,,,,,1,5100017
253,302471808,6350236,,,,,,,,,,,,,,,,,,,1,5100017
254,302471810,6350237,,,,,,,,,,,,,,,,,,,1,5100017
255,302471816,7466948,,,,,,,,,,,,,,,,,,,,
256,302471872,6350238,,,,,,,,,,,,,,,,,,,1,5100009
257,302471884,6350239,,,,,,,,,,,,,,,,,,,,
258,302471885,6350240,,,,,,,,,,,,,,,,,,,,
259,302471887,6350241,,,,,,,,,,,,,,,,,,,,
260,302471888,6350242,,,,,,,,,,,,,,,,,,,1,5100009
261,302471895,6350243,,,,,,,,,,,,,,,,,,,1,5100017
262,302471900,7467161,,,,,,,,,,,,,,,,,,,,
263,302466122,6348197,,,,,,,,,,,,,,,,,,,1,5100011
264,302469598,6348778,,,,,,,,,,,,,,,,,,,1,5100009
265,302469606,6348780,,,,,,,,,,,,,,,,,,,1,5100009
266,302451953,6344934,,,,,,,,,,,,,,,,,,,1,5100009
267,302453947,6345239,,,,,,,,,,,,,,,,,,,1,5100009
268,302460894,6345818,,,,,,,,,,,,,,,,,,,1,5100009
269,302360707,6323174,,,,,,,,,,,,,,,,,,,1,5100011
270,302439582,6341260,,,,,,,,,,,,,,,,,,,1,5100010
271,302445763,6342159,,,,,,,,,,,,,,,,,,,1,5100010
272,302451718,6344923,,,,,,,,,,,,,,,,,,,,
273,302460417,6345756,,,,,,,,,,,,,,,,,,,1,5100009
274,302460431,6345759,,,,,,,,,,,,,,,,,,,1,5100009
275,302464100,6347201,,,,,,,,,,,,,,,,,,,1,5100010
276,302464713,6347612,,,,,,,,,,,,,,,,,,,,
277,302471920,6350252,,,,,,,,,,,,,,,,,,,,
278,302471936,6350278,,,,,,,,,,,,,,,,,,,1,5100009
279,302471939,6350279,,,,,,,,,,,,,,,,,,,,
280,302471940,6350280,,,,,,,,,,,,,,,,,,,1,5100009
281,302471942,6350281,,,,,,,,,,,,,,,,,,,,
282,302471946,6350282,,,,,,,,,,,,,,,,,,,,
283,302471949,6350283,,,,,,,,,,,,,,,,,,,,
284,302471950,6350284,,,,,,,,,,,,,,,,,,,1,5100009
285,302472167,6350285,,,,,,,,,,,,,,,,,,,,
286,302472189,6350286,,,,,,,,,,,,,,,,,,,,
287,302472214,6350287,,,,,,,,,,,,,,,,,,,1,5100009
288,302472249,6350298,,,,,,,,,,,,,,,,,,,1,5100009
289,302472253,6350299,,,,,,,,,,,,,,,,,,,,
290,302472255,6350300,,,,,,,,,,,,,,,,,,,1,5100007
291,302472258,6350301,,,,,,,,,,,,,,,,,,,,
292,302472259,6350302,,,,,,,,,,,,,,,,,,,,
293,302472262,7467087,,,,,,,,,,,,,,,,,,,,
294,302472265,7467088,,,,,,,,,,,,,,,,,,,,
295,302453806,6345164,,,,,,,,,,,,,,,,,,,1,5100009
296,302421213,6334423,,,,,,,,,,,,,,,,,,,1,5100009
297,302453444,6345107,,,,,,,,,,,,,,,,,,,1,5100010
298,302454599,6345350,,,,,,,,,,,,,,,,,,,1,5100009
299,302465051,6347695,,,,,,,,,,,,,,,,,,,1,5100011
301,302472260,6350304,,,,,,,,,,,,,,,,,,,1,5100010
302,302472291,6350335,,,,,,,,,,,,,,,,,,,,
303,302472296,6350329,,,,,,,,,,,,,,,,,,,,
304,302472307,6350330,,,,,,,,,,,,,,,,,,,,
305,302472311,6350331,,,,,,,,,,,,,,,,,,,1,5100009
306,302472325,6350332,,,,,,,,,,,,,,,,,,,,
307,302472326,6350333,,,,,,,,,,,,,,,,,,,1,5100009
308,302472327,6350334,,,,,,,,,,,,,,,,,,,,
309,302472539,6350338,,,,,,,,,,,,,,,,,,,,
310,302472541,6350339,,,,,,,,,,,,,,,,,,,1,5100009
311,302472542,6350340,,,,,,,,,,,,,,,,,,,,
312,302472543,6350341,,,,,,,,,,,,,,,,,,,1,5100009
313,302472545,6350342,,,,,,,,,,,,,,,,,,,,
314,302472551,6350344,,,,,,,,,,,,,,,,,,,,
315,302472563,6350346,,,,,,,,,,,,,,,,,,,,
316,302435192,6338596,,,,,,,,,,,,,,,,,,,1,5100010
317,302463046,6347032,,,,,,,,,,,,,,,,,,,1,5100009
318,302435116,6338563,,,,,,,,,,,,,,,,,,,,
319,302443418,6341814,,,,,,,,,,,,,,,,,,,,
320,302461273,6345905,,,,,,,,,,,,,,,,,,,,
321,302464769,6347635,,,,,,,,,,,,,,,,,,,,
322,302467810,6348383,,,,,,,,,,,,,,,,,,,1,5100009
323,302469595,6348777,,,,,,,,,,,,,,,,,,,,
324,302472550,6350370,,,,,,,,,,,,,,,,,,,,
325,302472567,6350371,,,,,,,,,,,,,,,,,2,5100069,26,5100068
326,302472570,6350350,,,,,,,,,,,,,,,,,,,,
327,302472573,6350351,,,,,,,,,,,,,,,,,,,1,5100009
328,302472577,6350354,,,,,,,,,,,,,,,,,,,,
329,302472578,6350355,,,,,,,,,,,,,,,,,,,,
330,302472579,6350356,,,,,,,,,,,,,,,,,,,1,5100009
331,302472580,6350357,,,,,,,,,,,,,,,,,,,,
332,302472583,6350359,,,,,,,,,,,,,,,,,,,,
333,302472771,6350361,,,,,,,,,,,,,,,,,,,1,5100017
334,302376536,6325489,,,,,,,,,,,,,,,,,1,3000111,1,5100010
335,302459342,6345562,,,,,,,,,,,,,,,,,,,1,5100009
336,302461134,6345828,,,,,,,,,,,,,,,,,,,1,5100009
337,302463478,6347085,,,,,,,,,,,,,,,,,,,1,5100009
338,302464301,6347611,,,,,,,,,,,,,,,,,,,,
339,302472560,6350385,,,,,,,,,,,,,,,,,,,,
340,302472866,6350388,,,,,,,,,,,,,,,,,,,,
341,302472891,6350394,,,,,,,,,,,,,,,,,,,,
342,302472892,6350395,,,,,,,,,,,,,,,,,,,,
343,302472900,6350398,,,,,,,,,,,,,,,,,,,1,5100009
344,302473030,6350400,,,,,,,,,,,,,,,,,,,,
345,302473066,6350403,,,,,,,,,,,,,,,,,,,,
346,302473069,6350405,,,,,,,,,,,,,,,,,,,,
347,302473088,6350407,,,,,,,,,,,,,,,,,,,1,5100009
348,302469948,6348781,,,,,,,,,,,,,,,,,,,1,5100008
349,302440090,6341396,,,,,,,,,,,,,,,,,,,,
350,302440952,6341511,,,,,,,,,,,,,,,,,,,1,5100010
351,302443027,6341773,,,,,,,,,,,,,,,,,,,,
352,302473098,6350409,,,,,,,,,,,,,,,,,,,,
353,302473116,6350415,,,,,,,,,,,,,,,,,,,,
354,302473123,6350417,,,,,,,,,,,,,,,,,,,1,5100009
355,302473129,6350419,,,,,,,,,,,,,,,,,,,,
356,302473249,6350423,,,,,,,,,,,,,,,,,,,,
357,302473252,6350424,,,,,,,,,,,,,,,,,,,,
358,302473255,6350425,,,,,,,,,,,,,,,,,,,,
359,302473263,6350427,,,,,,,,,,,,,,,,,,,,
360,302473265,6350428,,,,,,,,,,,,,,,,,,,,
361,302473266,6350429,,,,,,,,,,,,,,,,,,,,
362,302473270,6350430,,,,,,,,,,,,,,,,,,,,
363,302473272,6350431,,,,,,,,,,,,,,,,,,,1,5100017
364,302473278,6350433,,,,,,,,,,,,,,,,,,,,
365,302473308,7467317,,,,,,,,,,,,,,,,,,,,
366,302473328,6350448,,,,,,,,,,,,,,,,,,,,
367,302473335,6350452,,,,,,,,,,,,,,,,,,,,
368,302473336,6350453,,,,,,,,,,,,,,,,,,,,
369,302473340,6350457,,,,,,,,,,,,,,,,,,,,
370,302471825,6350482,,,,,,,,,,,,,,,,,,,,
371,302472546,6350483,,,,,,,,,,,,,2,5100078,38,5100075,44,5100068,9,5100061
372,302473339,6350507,,,,,,,,,,,,,,,,,,,,
373,302473548,6350485,,,,,,,,,,,,,,,,,,,,
374,302474390,6350486,,,,,,,,,,,,,,,,,,,,
375,302474396,6350487,,,,,,,,,,,,,,,,,,,,
376,302474399,6350488,,,,,,,,,,,,,,,,,,,1,5100009
377,302474408,6350505,,,,,,,,,,,,,,,,,,,,
378,302474411,7467989,,,,,,,,,,,,,,,,,,,1,5100002
379,302474412,7467990,,,,,,,,,,,,,,,,,,,,
380,302474415,6350506,,,,,,,,,,,,,,,,,,,,
381,302469599,6348779,,,,,,,,,,,,,,,,,,,,
382,302469773,6348783,,,,,,,,,,,,,,,,,,,,
383,302466011,6350523,,,,,,,,,,,,,,,,,,,,
384,302474747,6350524,,,,,,,,,,,,,,,,,,,,
385,302474801,6350525,,,,,,,,,,,,,,,,,,,,
386,302474810,6350526,,,,,,,,,,,,,,,,,,,,
387,302474825,6350527,,,,,,,,,,,,,,,,,,,1,3000124
388,302446509,6342308,,,,,,,,,,,,,,,,,,,1,5100009
389,302454583,6345345,,,,,,,,,,,,,,,,,,,1,5100009
390,302461518,6345914,,,,,,,,,,,,,,,,,,,1,5100017
391,302461521,6345916,,,,,,,,,,,,,,,,,,,1,5100017
392,302474827,6350542,,,,,,,,,,,,,,,,,,,,
393,302474833,6350543,,,,,,,,,,,,,,,,,,,,
394,302475027,6350545,,,,,,,,,,,,,,,,,,,,
395,302475028,6350546,,,,,,,,,,,,,,,,,,,1,5100009
396,302453804,6345162,,,,,,,,,,,,,,,,,,,1,5100009
397,302459240,6350517,,,,,,,,,,,,,,,,,,,,
398,302459381,6345570,,,,,,,,,,,,,,,,,,,1,5100009
399,302462967,6347016,,,,,,,,,,,,,,,,,,,,
400,302450499,6344697,,,,,,,,,,,,,,,,,,,1,5100009
401,302451663,6344889,,,,,,,,,,,,,,,,,,,1,5100009
402,302445375,6342099,,,,,,,,,,,,,,,,,,,1,5100010
403,302451586,6344862,,,,,,,,,,,,,,,,,,,1,5100009
404,302454523,6345316,,,,,,,,,,,,,,,,,,,1,5100009
405,302455397,6345500,,,,,,,,,,,,,,,,,,,,
406,302460822,6345813,,,,,,,,,,,,,,,,,,,1,5100009
407,302460876,6345844,,,,,,,,,,,,,,,,,,,,
408,302475279,6350625,,,,,,,,,,,,,,,,,,,,
409,302475316,6350629,,,,,,,,,,,,,,,,,,,,
410,302475346,6350633,,,,,,,,,,,,,,,,,,,,
411,302475351,7468422,,,,,,,,,,,,,,,,,,,,
412,302475366,6350637,,,,,,,,,,,,,,,,,,,,
413,302475372,6350642,,,,,,,,,,,,,,,,,,,,
414,302475506,6350644,,,,,,,,,,,,,,,,,,,,
415,302475518,6350645,,,,,,,,,,,,,,,,,,,,
416,302475553,6350646,,,,,,,,,,,,,,,,,,,,
417,302475555,6350647,,,,,,,,,,,,,,,,,,,,
418,302475567,6350648,,,,,,,,,,,,,,,,,,,,
419,302475599,6350651,,,,,,,,,,,,,,,,,,,,
420,302475602,6350654,,,,,,,,,,,,,,,,,,,,
421,302475614,6350660,,,,,,,,,,,,,,,,,,,,
422,302442634,6341743,,,,,,,,,,,,,,,,,,,1,5100010
423,302442636,6341724,,,,,,,,,,,,,,,,,,,,
424,302461128,6345825,,,,,,,,,,,,,,,,,,,1,5100009
425,302468648,6348822,,,,,,,,,,,,,33,5100078,29,5100075,11,5100068,14,5100061
426,302469581,6348782,,,,,,,,,,,,,,,,,,,1,5100009
427,302475076,6350579,,,,,,,,,,,,,,,,,,,,
428,302444394,6341947,,,,,,,,,,,,,,,,,,,,
429,302454126,6345249,,,,,,,,,,,,,,,,,,,1,5100009
430,302461252,6345891,,,,,,,,,,,,,,,,,,,1,5100009
431,302475561,6350671,,,,,,,,,,,,,,,,,,,,
432,302475591,6350672,,,,,,,,,,,,,,,,,,,,
433,302475608,6350673,,,,,,,,,,,,,,,,,,,,
434,302475611,6350675,,,,,,,,,,,,,,,,,,,,
435,302475612,6350676,,,,,,,,,,,,,,,,,,,,
436,302475613,6350677,,,,,,,,,,,,,,,,,,,,
437,302475617,6350679,,,,,,,,,,,,,,,,,,,,
438,302475628,6350681,,,,,,,,,,,,,,,,,,,,
439,302475633,6350683,,,,,,,,,,,,,,,,,,,,
440,302475636,6350685,,,,,,,,,,,,,,,,,,,,
441,302475658,6350687,,,,,,,,,,,,,,,,,,,,
442,302475668,6350688,,,,,,,,,,,,,,,,,,,,
443,302475676,6350689,,,,,,,,,,,,,,,,,,,,
444,302475681,6350692,,,,,,,,,,,,,,,,,,,,
445,302475688,6350694,,,,,,,,,,,,,,,,,,,,
446,302475689,6350695,,,,,,,,,,,,,,,,,,,,
447,302475826,6350697,,,,,,,,,,,,,,,,,,,,
448,302475827,6350667,,,,,,,,,,,,,,,,,,,,
449,302475835,6350699,,,,,,,,,,,,,,,,,,,,
450,302441078,6341534,,,,,,,,,,,,,,,,,,,1,5100009
451,302459687,6345638,,,,,,,,,,,,,,,,,,,1,5100017
452,302459688,6345639,,,,,,,,,,,,,,,,,,,1,5100017
453,302460392,6345751,,,,,,,,,,,,,,,,,,,1,5100009
454,302461129,6345826,,,,,,,,,,,,,,,,,,,1,5100009
455,302462968,6347017,,,,,,,,,,,,,,,,,,,1,5100009
456,302467127,6348284,,,,,,,,,,,,,,,,,,,1,5100009
457,302469876,6348784,,,,,,,,,,,,,,,,,22,5100078,8,5100071
458,302474590,6350518,,,,,,,,,,,,,,,,,,,1,5100007
459,302475086,6350585,,,,,,,,,,,,,,,,,,,,
460,302475244,6350586,,,,,,,,,,,,,,,,,,,,
461,302475247,6350587,,,,,,,,,,,,,,,,,,,,
462,302475259,6350590,,,,,,,,,,,,,,,,,,,,
463,302475289,6350600,,,,,,,,,,,,,,,,,,,,
464,302468996,6348709,,,,,,,,,,,,,,,,,19,5100071,30,5100068
465,302400424,6328976,,,,,,,,,,,,,,,,,,,,
466,302420722,6334352,,,,,,,,,,,,,,,,,,,,
467,302453874,6345205,,,,,,,,,,,,,,,,,,,,
468,302454548,6345328,,,,,,,,,,,,,,,,,,,,
469,302459333,6345576,,,,,,,,,,,,,,,,,,,,
470,302459341,6345579,,,,,,,,,,,,,,,,,,,,
471,302460063,6345688,,,,,,,,,,,,,,,,,,,,
472,302460701,6345774,,,,,,,,,,,,,,,,,,,,
473,302465189,6347688,,,,,,,,,,,,,,,,,,,,
474,302465766,6350735,,,,,,,,,,,,,,,,,,,,
475,302466735,6348249,,,,,,,,,,,,,,,,,,,,
476,302469283,6350769,,,,,,,,,,,,,,,,,,,,
477,302474817,6350770,,,,,,,,,,,,,,,,,,,,
478,302475691,6350719,,,,,,,,,,,,,,,,,,,,
479,302475695,6350721,,,,,,,,,,,,,,,,,,,,
480,302475840,6350739,,,,,,,,,,,,,,,,,,,,
481,302475882,6350751,,,,,,,,,,,,,,,,,,,,
482,302475899,6350724,,,,,,,,,,,,,,,,,,,,
483,302475900,6350746,,,,,,,,,,,,,,,,,,,,
484,302475901,6350747,,,,,,,,,,,,,,,,,,,,
485,302475903,6350748,,,,,,,,,,,,,,,,,,,,
486,302475908,6350752,,,,,,,,,,,,,,,,,,,,
487,302475909,6350726,,,,,,,,,,,,,,,,,,,,
488,302475910,6350727,,,,,,,,,,,,,,,,,,,,
489,302475916,6350728,,,,,,,,,,,,,,,,,,,,
490,302475928,6350759,,,,,,,,,,,,,,,,,,,,
491,302476262,6350763,,,,,,,,,,,,,,,,,,,,
492,302476275,6350715,,,,,,,,,,,,,,,,,,,,
493,302476306,6350766,,,,,,,,,,,,,,,,,,,,
494,302476366,6350767,,,,,,,,,,,,,,,,,,,1,5100017
495,302476371,6350734,,,,,,,,,,,,,,,,,,,,
496,302476377,7468782,,,,,,,,,,,,,,,,,,,,
497,302476378,6350768,,,,,,,,,,,,,,,,,,,,
498,302476379,7468783,,,,,,,,,,,,,,,,,,,,
499,302476383,7468789,,,,,,,,,,,,,,,,,,,,
500,302476388,7468790,,,,,,,,,,,,,,,,,,,,
501,302444361,6341928,,,,,,,,,,,,,,,,,,,1,5100009
502,302453818,6345169,,,,,,,,,,,,,,,,,,,1,5100011
503,302465767,6348143,,,,,,,,,,,,,,,,,,,1,5100011
504,302467876,6348400,,,,,,,,,,,,,,,,,,,1,5100009
505,302468951,6348618,,,,,,,,,,,,,,,,,,,,
506,302473580,6350474,,,,,,,,,,,,,,,,,,,1,5100009
507,302474263,6350478,,,,,,,,,,,,,,,,,,,1,5100008
508,302390123,6327200,,,,,,,,,,,,,,,,,,,,
509,302390124,6327201,,,,,,,,,,,,,,,,,,,,
510,302390125,6327202,,,,,,,,,,,,,,,,,,,,
511,302390126,6327203,,,,,,,,,,,,,,,,,,,,
512,302390127,6327204,,,,,,,,,,,,,,,,,,,,
513,302390128,6327206,,,,,,,,,,,,,,,,,,,,
514,302460893,6345847,,,,,,,,,,,,,,,,,,,,
515,302465295,6347703,,,,,,,,,,,,,,,,,,,,
516,302465746,6348139,,,,,,,,,,,,,,,,,,,,
517,302475034,6350826,,,,,,,,,,,,,,,,,,,,
518,302475320,6350827,,,,,,,,,,,,,,,,,,,,
519,302475883,6350828,,,,,,,,,,,,,,,,,,,,
520,302475906,6350830,,,,,,,,,,,,,,,,,,,,
521,302476382,6350832,,,,,,,,,,,,,,,,,,,,
522,302476402,6350793,,,,,,,,,,,,,,,,,,,,
523,302476411,6350808,,,,,,,,,,,,,,,,,,,,
524,302476419,6350809,,,,,,,,,,,,,,,,,,,,
525,302476439,6350811,,,,,,,,,,,,,,,,,,,,
526,302476443,6350812,,,,,,,,,,,,,,,,,,,,
527,302476454,6350798,,,,,,,,,,,,,,,,,,,,
528,302476459,6350801,,,,,,,,,,,,,,,,,,,,
529,302476568,6350820,,,,,,,,,,,,,,,,,,,,
530,302476570,6350821,,,,,,,,,,,,,,,,,,,,
531,302476623,7468870,,,,,,,,,,,,,,,,,,,,
532,302476647,6350825,,,,,,,,,,,,,,,,,,,,
533,302476653,6350833,,,,,,,,,,,,,,,,,,,,
534,302476656,6350834,,,,,,,,,,,,,,,,,,,,
535,302476658,6350829,,,,,,,,,,,,,,,,,,,,
536,302476659,6350835,,,,,,,,,,,,,,,,,,,,
537,302476660,6350836,,,,,,,,,,,,,,,,,,,,
538,302476661,6350837,,,,,,,,,,,,,,,,,,,,
539,302476666,6350842,,,,,,,,,,,,,,,,,,,,
540,302459637,6345601,,,,,,,,,,,,,,,,,,,1,5100009
541,302461160,6345868,,,,,,,,,,,,,,,,,,,1,5100009
542,302467158,6348292,,,,,,,,,,,,,,,,,,,1,5100009
543,302467160,6348300,,,,,,,,,,,,,,,,,,,1,5100011
544,302426450,6336841,,,,,,,,,,,,,,,,,,,,
545,302430072,6338100,,,,,,,,,,,,,,,,,,,,
546,302460117,6345700,,,,,,,,,,,,,,,,,,,,
547,302461126,6345823,,,,,,,,,,,,,,,,,,,,
548,302467862,6348397,,,,,,,,,,,,,,,,,,,,
549,302476690,6350855,,,,,,,,,,,,,,,,,,,,
550,302476702,6350859,,,,,,,,,,,,,,,,,,,,
551,302476733,6350875,,,,,,,,,,,,,,,,,,,,
552,302476749,6350879,,,,,,,,,,,,,,,,,,,,
553,302476753,6350880,,,,,,,,,,,,,,,,,,,,
554,302476883,7468956,,,,,,,,,,,,,,,,,,,,
555,302476886,7468958,,,,,,,,,,,,,,,,,,,,
556,302476890,7468959,,,,,,,,,,,,,,,,,,,,
557,302476914,6350881,,,,,,,,,,,,,,,,,,,,
558,302476957,6350885,,,,,,,,,,,,,,,,,,,,
559,302476959,6350882,,,,,,,,,,,,,,,,,,,,
560,302476967,6350887,,,,,,,,,,,,,,,,,,,,
561,302476968,6350888,,,,,,,,,,,,,,,,,,,,
562,302476977,6350896,,,,,,,,,,,,,,,,,,,,
563,302476979,6350897,,,,,,,,,,,,,,,,,,,,
564,302477005,7469591,,,,,,,,,,,,,,,,,,,,
565,302477171,6350909,,,,,,,,,,,,,,,,,,,,
566,302477172,6350916,,,,,,,,,,,,,,,,,,,,
567,302477175,6350910,,,,,,,,,,,,,,,,,,,,
568,302477178,6350912,,,,,,,,,,,,,,,,,,,,
569,302477179,6350913,,,,,,,,,,,,,,,,,,,,
570,302477180,6350903,,,,,,,,,,,,,,,,,,,,
571,302477185,6350914,,,,,,,,,,,,,,,,,,,,
572,302420706,6334339,,,,,,,,,,,,,,,,,,,,
573,302444405,6341956,,,,,,,,,,,,,,,,,,,1,5100009
574,302454460,6345311,,,,,,,,,,,,,,,,,,,1,5100011
575,302460903,6345851,,,,,,,,,,,,,,,,,,,1,5100009
576,302475243,6350558,,,,,,,,,,,,,,,,,,,1,5100007
577,302475302,6350612,,,,,,,,,,,,,,,,,,,,
578,302454970,6345474,,,,,,,,,,,,,,,,,,,,
579,302364272,6324704,,,,,,,,,,,,,,,,,,,,
580,302364541,6324838,,,,,,,,,,,,,,,,,,,,
581,302364542,6324839,,,,,,,,,,,,,,,,,,,,
582,302364544,6324840,,,,,,,,,,,,,,,,,,,,
583,302397241,6328620,,,,,,,,,,,,,,,,,,,,
584,302444934,6342038,,,,,,,,,,,,,,,,,,,,
585,302449678,6344271,,,,,,,,,,,,,,,,,,,,
586,302451681,6344916,,,,,,,,,,,,,,,,,,,,
587,302453873,6345204,,,,,,,,,,,,,,,,,,,,
588,302455281,6345481,,,,,,,,,,,,,,,,,,,,
589,302467532,6348359,,,,,,,,,,,,,,,,,,,,
590,302468685,6348613,,,,,,,,,,,,,,,,,,,,
591,302476271,6350939,,,,,,,,,,,,,,,,,,,,
592,302476961,6350940,,,,,,,,,,,,,,,,,,,,
593,302477000,6350943,,,,,,,,,,,,,,,,,,,,
594,302477650,6350946,,,,,,,,,,,,,,,,,,,,
595,302477673,6350949,,,,,,,,,,,,,,,,,,,,
596,302477679,6350950,,,,,,,,,,,,,,,,,,,,
597,302477685,6350953,,,,,,,,,,,,,,,,,,,,
598,302477692,6350931,,,,,,,,,,,,,,,,,,,,
599,302477707,6350934,,,,,,,,,,,,,,,,,,,,
600,302477712,6350935,,,,,,,,,,,,,,,,,,,,
601,302477844,7469671,,,,,,,,,,,,,,,,,,,,
602,302477853,7469673,,,,,,,,,,,,,,,,,,,,
603,302477857,7469674,,,,,,,,,,,,,,,,,,,,
604,302477858,6350960,,,,,,,,,,,,,,,,,,,,
605,302477859,6350945,,,,,,,,,,,,,,,,,,,,
606,302477862,6350961,,,,,,,,,,,,,,,,,,,,
607,302477890,6350965,,,,,,,,,,,,,,,,,,,,
608,302477896,6350966,,,,,,,,,,,,,,,,,,,,
609,302477898,6350967,,,,,,,,,,,,,,,,,,,,
610,302477916,6350976,,,,,,,,,,,,,,,,,,,,
611,302477919,6350979,,,,,,,,,,,,,,,,,,,,
612,302477920,6350980,,,,,,,,,,,,,,,,,,,,
613,302477923,6350982,,,,,,,,,,,,,,,,,,,,
614,302477925,6350983,,,,,,,,,,,,,,,,,,,,
615,302477926,6350984,,,,,,,,,,,,,,,,,,,,
616,302477938,6350987,,,,,,,,,,,,,,,,,,,,
617,302477941,6350988,,,,,,,,,,,,,,,,,,,,
618,302477942,6350989,,,,,,,,,,,,,,,,,,,,
619,302477947,6350991,,,,,,,,,,,,,,,,,,,,
